Biobank,Total_Papers,Years_Active,population_stratification_percentage,population_stratification_avg_confidence,batch_effects_percentage,batch_effects_avg_confidence,missing_data_percentage,missing_data_avg_confidence,sampling_bias_percentage,sampling_bias_avg_confidence,technical_variation_percentage,technical_variation_avg_confidence,Overall_Bias_Awareness
UK Biobank,11123,2003-2024,35.224309988312505,0.5074868129998298,0.2697114087925919,0.3666666666666668,35.628877101501395,0.34065102195306574,6.562977613953071,0.35753424657534244,1.9239413827204892,0.34267912772585674,15.92196349905601
Million Veteran Program,430,2003-2024,62.7906976744186,0.6691358024691358,1.627906976744186,0.3333333333333333,29.767441860465116,0.3359374999999999,11.86046511627907,0.37908496732026137,1.1627906976744187,0.3333333333333333,21.44186046511628
FinnGen,1840,2019-2024,58.80434782608695,0.48089956869993844,0.16304347826086957,0.3333333333333333,58.26086956521739,0.3348880597014925,2.119565217391304,0.3504273504273505,1.5217391304347827,0.3333333333333334,24.173913043478258
All of Us,583,2016-2024,34.99142367066895,0.7091503267973858,0.6861063464837049,0.3333333333333333,22.46998284734134,0.3511450381679389,26.243567753001717,0.45098039215686275,1.7152658662092626,0.33333333333333337,17.221269296740992
Estonian Biobank,679,2010-2024,38.733431516936676,0.5399239543726236,0.4418262150220913,0.3333333333333333,30.338733431516935,0.34304207119741104,4.418262150220913,0.36666666666666675,1.914580265095729,0.3333333333333333,15.169366715758468
