,FinnGen,UK Biobank,Million Veteran Program,All of Us,Estonian Biobank
FinnGen,1.0,0.28866605894864783,0.1556113302258874,0.150080688542227,0.10453808752025932
UK Biobank,0.28866605894864783,1.0,0.22760926677812277,0.15527065527065528,0.05568072095268748
Million Veteran Program,0.1556113302258874,0.22760926677812277,1.0,0.14474180173388618,0.05898876404494382
All of Us,0.150080688542227,0.15527065527065528,0.14474180173388618,1.0,0.1
Estonian Biobank,0.10453808752025932,0.05568072095268748,0.05898876404494382,0.1,1.0
