{
  "figure_4a": {
    "ntd_n": 15,
    "non_ntd_n": 160,
    "ntd_mean": 0.0021053210211296877,
    "non_ntd_mean": 0.0014574574310245226,
    "pct_diff": 44.45163037453163,
    "p_value": 2.2795237693982603e-07,
    "cohens_d": 1.8021145516317079
  },
  "generated_at": "2026-02-01T09:49:20.871678"
}