,regional_correlation,regional_pvalue,global_correlation,global_pvalue,region
UK Biobank,-0.03423735397051097,0.8709358613465072,-0.03423735397051097,0.8709358613465072,Europe
Million Veteran Program,0.08707357713211389,0.6789720356534181,0.08707357713211389,0.6789720356534181,Americas
FinnGen,-0.023488656411405226,0.9112629618917937,-0.023488656411405226,0.9112629618917937,Europe
All of Us,-0.05045814389327772,0.8106972388404173,-0.05045814389327772,0.8106972388404173,Americas
Estonian Biobank,-0.07667165388930551,0.7156573846856198,-0.07667165388930551,0.7156573846856198,Europe
