Biobank,Uniqueness Score
Million Veteran Program,0.5947468324258802
All of Us,0.5891866198894731
Estonian Biobank,0.47397677447025555
FinnGen,0.4532685517716931
UK Biobank,0.44911524605403796
