,UK Biobank,Million Veteran Program,FinnGen,All of Us,Estonian Biobank
UK Biobank,1.0,0.4631855096249564,0.6599545966855683,0.4631855096249564,0.6172133998483675
Million Veteran Program,0.4631855096249564,1.0,0.45746803547824033,0.30357142857142855,0.3967876966218537
FinnGen,0.6599545966855683,0.45746803547824033,0.9999999999999998,0.4279539686731926,0.6415491920762261
All of Us,0.4631855096249564,0.30357142857142855,0.4279539686731926,1.0,0.4485426135725303
Estonian Biobank,0.6172133998483675,0.3967876966218537,0.6415491920762261,0.4485426135725303,0.9999999999999999
