,avg_title_length,methodology_rate,international_collaboration_rate,avg_mesh_terms,mesh_complexity,total_papers_analyzed
UK Biobank,111.67515980912938,0.22031151526064643,0.01773656252813541,11.115146831530138,4.334604323420718,11123.0
Million Veteran Program,114.2960372960373,0.2703962703962704,0.08624708624708624,10.904615384615385,4.74651064610725,430.0
FinnGen,116.20315904139433,0.7598039215686274,0.014705882352941176,9.283639143730888,3.3191329647013017,1840.0
All of Us,109.50600343053173,0.022298456260720412,0.029159519725557463,9.435555555555556,4.094611936872681,583.0
Estonian Biobank,105.22747415066469,0.25997045790251105,0.059084194977843424,13.017035775127768,5.480308507066125,679.0
